Student_ID	Age	Gender	Academic_Level	Country	Avg_Daily_Usage_Hours	Most_Used_Platform	Affects_Academic_Performance	Sleep_Hours_Per_Night	Mental_Health_Score	Relationship_Status	Conflicts_Over_Social_Media	Addicted_Score
23	19	Male	Undergraduate	Austria	4.9	Instagram	Yes	5.8	6	Complicated	3	7
35	19	Male	Undergraduate	Hong Kong	4.7	Instagram	Yes	5.8	6	In Relationship	3	7
47	19	Male	Undergraduate	Colombia	4.8	Instagram	Yes	5.9	6	In Relationship	3	7
59	19	Male	Undergraduate	Iceland	4.6	Instagram	Yes	5.9	6	Complicated	3	7
66	21	Female	Undergraduate	Croatia	4.8	Instagram	Yes	5.8	6	Single	3	7
70	20	Female	Undergraduate	Estonia	4.5	Instagram	Yes	5.9	6	Complicated	3	7
86	21	Female	Undergraduate	Monaco	4.5	Instagram	Yes	5.8	6	Complicated	3	7
99	20	Male	Undergraduate	Oman	4.6	Instagram	Yes	5.9	6	Single	3	7
110	19	Female	Undergraduate	Maldives	4.9	Instagram	Yes	5.8	6	Single	3	7
118	20	Female	Undergraduate	India	5.7	Instagram	Yes	6.1	6	Single	3	7
124	22	Female	Graduate	India	5.8	Instagram	Yes	5.8	6	In Relationship	3	7
130	21	Female	Graduate	India	5.6	Instagram	Yes	5.6	6	In Relationship	3	7
136	20	Female	Undergraduate	India	5.4	Instagram	Yes	5.4	6	In Relationship	3	7
142	21	Female	Graduate	India	5.2	Instagram	Yes	5.2	6	In Relationship	3	7
148	20	Female	Undergraduate	India	5	Instagram	Yes	5	6	In Relationship	3	7
154	21	Female	Graduate	India	4.8	Instagram	Yes	4.8	6	In Relationship	3	7
160	20	Female	Undergraduate	India	4.6	Instagram	Yes	4.6	6	In Relationship	3	7
226	21	Male	Graduate	Italy	5.5	Instagram	Yes	6.8	6	Single	3	7
230	21	Male	Graduate	UK	5.5	Instagram	Yes	6.7	6	Single	3	7
246	21	Male	Graduate	UK	5.7	Instagram	Yes	6.4	6	Single	3	7
262	21	Male	Graduate	UK	5.3	Instagram	Yes	6.3	6	Single	3	7
278	21	Male	Graduate	UK	5.1	Instagram	Yes	6.5	6	Single	3	7
294	21	Male	Graduate	UK	4.9	Instagram	Yes	6.7	6	Single	3	7
310	21	Male	Graduate	UK	4.7	Instagram	Yes	6.9	6	Single	3	7
321	19	Female	Undergraduate	Spain	5.2	Instagram	Yes	6.8	6	Single	3	7
326	21	Male	Graduate	Turkey	5.5	Instagram	Yes	6.7	6	Single	3	7
330	21	Male	Graduate	Canada	5.3	Instagram	Yes	6.9	6	Single	3	7
341	19	Female	Undergraduate	Spain	5	Instagram	Yes	6.9	6	Single	3	7
346	21	Male	Graduate	Turkey	5.3	Instagram	Yes	6.9	6	Single	3	7
350	21	Male	Graduate	Canada	5.1	Instagram	Yes	7.1	6	Single	3	7
361	19	Female	Undergraduate	Spain	4.8	Instagram	Yes	7.1	6	Single	3	7
366	21	Male	Graduate	Turkey	5.1	Instagram	Yes	7.1	6	Single	3	7
370	21	Male	Graduate	Canada	4.9	Instagram	Yes	7.3	6	Single	3	7
381	19	Female	Undergraduate	Spain	4.6	Instagram	Yes	7.3	6	Single	3	7
386	21	Male	Graduate	Turkey	4.9	Instagram	Yes	7.3	6	Single	3	7
390	21	Male	Graduate	Canada	4.7	Instagram	Yes	7.5	6	Single	3	7
401	19	Female	Undergraduate	Spain	4.4	Instagram	Yes	7.5	6	Single	3	7
406	21	Male	Graduate	Turkey	4.7	Instagram	Yes	7.5	6	Single	3	7
410	21	Male	Graduate	Canada	4.5	Instagram	Yes	7.7	6	Single	3	7
421	19	Female	Undergraduate	Spain	4.2	Instagram	Yes	7.7	6	Single	3	7
426	21	Male	Graduate	Turkey	4.5	Instagram	Yes	7.7	6	Single	3	7
430	21	Male	Graduate	Canada	4.3	Instagram	Yes	7.9	6	Single	3	7
441	19	Female	Undergraduate	Spain	4	Instagram	Yes	7.9	6	Single	3	7
446	21	Male	Graduate	Turkey	4.3	Instagram	Yes	7.9	6	Single	3	7
450	21	Male	Graduate	Canada	4.1	Instagram	Yes	8.1	6	Single	3	7
461	19	Female	Undergraduate	Spain	3.8	Instagram	Yes	8.1	6	Single	3	7
466	21	Male	Graduate	Turkey	4.1	Instagram	Yes	8.1	6	Single	3	7
470	21	Male	Graduate	Canada	3.9	Instagram	Yes	8.3	6	Single	3	7
481	19	Female	Undergraduate	Spain	3.6	Instagram	Yes	8.3	6	Single	3	7
486	21	Male	Graduate	Turkey	3.9	Instagram	Yes	8.3	6	Single	3	7
490	21	Male	Graduate	Canada	3.7	Instagram	Yes	8.5	6	Single	3	7
511	20	Female	Undergraduate	Brazil	6.1	Instagram	Yes	6.4	6	Single	3	7
577	20	Female	Undergraduate	USA	5.9	Instagram	Yes	6.7	6	In Relationship	3	7
594	24	Male	Graduate	USA	5.6	Instagram	Yes	6.9	6	In Relationship	3	7
596	21	Male	Undergraduate	France	5.8	Instagram	Yes	6.7	6	Single	3	7
611	22	Female	Graduate	USA	5.4	Instagram	Yes	6.9	6	In Relationship	3	7
614	21	Male	Undergraduate	Canada	5.7	Instagram	Yes	6.7	6	Single	3	7
624	19	Male	Undergraduate	Ireland	5.8	Instagram	Yes	6.6	6	Single	3	7
641	22	Female	Graduate	Ireland	5.9	Instagram	Yes	6.5	6	Single	3	7
658	22	Male	Graduate	Ireland	5.8	Instagram	Yes	6.6	6	Single	3	7
665	20	Female	Undergraduate	Canada	5.6	Instagram	Yes	6.7	6	Single	3	7
675	19	Female	Undergraduate	Ireland	5.9	Instagram	Yes	6.5	6	Single	3	7
692	24	Male	Graduate	Ireland	5.9	Instagram	Yes	6.5	6	Single	3	7
699	19	Female	Undergraduate	Canada	5.7	Instagram	Yes	6.6	6	Single	3	7
161	19	Female	Undergraduate	Bangladesh	5.3	Instagram	Yes	6.1	5	Single	3	7
164	22	Male	Graduate	Pakistan	4.7	Instagram	Yes	6.3	5	In Relationship	3	7
167	20	Female	Undergraduate	Bangladesh	4.9	Instagram	Yes	6.4	5	Single	3	7
170	21	Male	Graduate	Pakistan	4.6	Instagram	Yes	6.5	5	In Relationship	3	7
173	19	Female	Undergraduate	Bangladesh	4.8	Instagram	Yes	6.6	5	Single	3	7
176	22	Male	Graduate	Pakistan	4.5	Instagram	Yes	6.7	5	In Relationship	3	7
179	20	Female	Undergraduate	Bangladesh	4.7	Instagram	Yes	6.8	5	Single	3	7
182	21	Male	Graduate	Pakistan	4.4	Instagram	Yes	6.9	5	In Relationship	3	7
185	19	Female	Undergraduate	Bangladesh	4.6	Instagram	Yes	7	5	Single	3	7
188	22	Male	Graduate	Pakistan	4.3	Instagram	Yes	7.1	5	In Relationship	3	7
191	20	Female	Undergraduate	Bangladesh	4.5	Instagram	Yes	7.2	5	Single	3	7
194	21	Male	Graduate	Pakistan	4.2	Instagram	Yes	7.3	5	In Relationship	3	7
197	19	Female	Undergraduate	Bangladesh	4.4	Instagram	Yes	7.4	5	Single	3	7
200	22	Male	Graduate	Pakistan	4.1	Instagram	Yes	7.5	5	In Relationship	3	7
203	20	Female	Undergraduate	Bangladesh	4.3	Instagram	Yes	7.6	5	Single	3	7
206	21	Male	Graduate	Pakistan	4	Instagram	Yes	7.7	5	In Relationship	3	7
209	19	Female	Undergraduate	Bangladesh	4.2	Instagram	Yes	7.8	5	Single	3	7
212	22	Male	Graduate	Pakistan	3.9	Instagram	Yes	7.9	5	In Relationship	3	7
215	20	Female	Undergraduate	Bangladesh	4.1	Instagram	Yes	8	5	Single	3	7
218	21	Male	Graduate	Pakistan	3.8	Instagram	Yes	8.1	5	In Relationship	3	7
242	21	Male	Graduate	Italy	5.4	Instagram	Yes	6.7	5	Single	3	7
258	21	Male	Graduate	Italy	5.3	Instagram	Yes	6.8	5	Single	3	7
274	21	Male	Graduate	Italy	5.4	Instagram	Yes	6.7	5	Single	3	7
290	21	Male	Graduate	Italy	5.2	Instagram	Yes	6.9	5	Single	3	7
306	21	Male	Graduate	Italy	5	Instagram	Yes	7.1	5	Single	3	7
1	19	Female	Undergraduate	Bangladesh	5.2	Instagram	Yes	6.5	6	In Relationship	3	8
18	19	Female	High School	Norway	5	Instagram	Yes	5.7	5	In Relationship	3	8
62	19	Female	Undergraduate	Romania	5.6	Instagram	Yes	5.6	5	In Relationship	3	8
323	20	Female	Undergraduate	Ireland	5	Instagram	Yes	7	7	Single	3	6
333	19	Female	Undergraduate	Ireland	4.8	Instagram	Yes	7.1	7	Single	3	6
353	19	Female	Undergraduate	Ireland	4.6	Instagram	Yes	7.3	7	Single	3	6
373	19	Female	Undergraduate	Ireland	4.4	Instagram	Yes	7.5	7	Single	3	6
393	19	Female	Undergraduate	Ireland	4.2	Instagram	Yes	7.7	7	Single	3	6
413	19	Female	Undergraduate	Ireland	4	Instagram	Yes	7.9	7	Single	3	6
433	19	Female	Undergraduate	Ireland	3.8	Instagram	Yes	8.1	7	Single	3	6
453	19	Female	Undergraduate	Ireland	3.6	Instagram	Yes	8.3	7	Single	3	6
473	19	Female	Undergraduate	Ireland	3.4	Instagram	Yes	8.5	7	Single	3	6
493	19	Female	Undergraduate	Ireland	3.2	Instagram	Yes	8.7	7	Single	3	6
504	22	Male	Graduate	New Zealand	4.7	Instagram	Yes	7.5	7	In Relationship	3	6
510	21	Male	Graduate	Canada	4.8	Instagram	Yes	7.4	7	Single	3	6
514	21	Male	Graduate	New Zealand	4.6	Instagram	Yes	7.6	7	In Relationship	3	6
530	21	Male	Graduate	Canada	4.6	Instagram	Yes	7.6	7	Single	3	6
544	22	Male	Graduate	New Zealand	4.3	Instagram	Yes	7.9	7	In Relationship	3	6
550	21	Male	Graduate	Canada	4.4	Instagram	Yes	7.8	7	Single	3	6
564	22	Male	Graduate	New Zealand	4.1	Instagram	Yes	8.1	7	In Relationship	3	6
570	21	Male	Graduate	Canada	4.2	Instagram	Yes	8	7	Single	3	6
580	23	Male	Graduate	Canada	5.2	Instagram	Yes	7	6	In Relationship	3	6
116	19	Female	Undergraduate	Maldives	4.8	Instagram	No	7.2	8	Single	2	5
122	21	Female	Graduate	Maldives	4.6	Instagram	No	7.4	8	In Relationship	2	5
128	20	Female	Undergraduate	Maldives	4.4	Instagram	No	7.6	8	In Relationship	2	5
134	21	Female	Graduate	Maldives	4.2	Instagram	No	7.8	8	In Relationship	2	5
140	20	Female	Undergraduate	Maldives	4	Instagram	No	8	8	In Relationship	2	5
146	21	Female	Graduate	Maldives	3.8	Instagram	No	8.2	8	In Relationship	2	5
152	20	Female	Undergraduate	Maldives	3.6	Instagram	No	8.4	8	In Relationship	2	5
158	21	Female	Graduate	Maldives	3.4	Instagram	No	8.6	8	In Relationship	2	5
223	20	Female	Undergraduate	Australia	4.5	Instagram	No	7.5	8	Single	2	5
239	20	Female	Undergraduate	Australia	4.6	Instagram	No	7.3	7	Single	2	5
255	20	Female	Undergraduate	Australia	4.4	Instagram	No	7.4	7	Single	2	5
271	20	Female	Undergraduate	Australia	4.5	Instagram	No	7.3	7	Single	2	5
287	20	Female	Undergraduate	Australia	4.3	Instagram	No	7.5	7	Single	2	5
303	20	Female	Undergraduate	Australia	4.1	Instagram	No	7.7	7	Single	2	5
319	20	Female	Undergraduate	Australia	3.9	Instagram	No	7.9	7	Single	2	5
325	19	Female	Undergraduate	Switzerland	4	Instagram	No	7.9	8	Single	2	4
329	19	Female	Undergraduate	France	4.5	Instagram	No	7.5	7	In Relationship	2	5
335	20	Female	Undergraduate	Switzerland	3.8	Instagram	No	8	8	Single	2	4
339	20	Female	Undergraduate	France	4.4	Instagram	No	7.6	7	In Relationship	2	5
345	19	Female	Undergraduate	Switzerland	3.7	Instagram	No	8.1	8	Single	2	4
349	19	Female	Undergraduate	France	4.3	Instagram	No	7.7	7	In Relationship	2	5
355	20	Female	Undergraduate	Switzerland	3.6	Instagram	No	8.2	8	Single	2	4
359	20	Female	Undergraduate	France	4.2	Instagram	No	7.8	7	In Relationship	2	5
365	19	Female	Undergraduate	Switzerland	3.5	Instagram	No	8.3	8	Single	2	4
369	19	Female	Undergraduate	France	4.1	Instagram	No	7.9	7	In Relationship	2	5
375	20	Female	Undergraduate	Switzerland	3.4	Instagram	No	8.4	8	Single	2	4
379	20	Female	Undergraduate	France	4	Instagram	No	8	7	In Relationship	2	5
385	19	Female	Undergraduate	Switzerland	3.3	Instagram	No	8.5	8	Single	2	4
389	19	Female	Undergraduate	France	3.9	Instagram	No	8.1	7	In Relationship	2	5
395	20	Female	Undergraduate	Switzerland	3.2	Instagram	No	8.6	8	Single	2	4
399	20	Female	Undergraduate	France	3.8	Instagram	No	8.2	7	In Relationship	2	5
405	19	Female	Undergraduate	Switzerland	3.1	Instagram	No	8.7	8	Single	2	4
409	19	Female	Undergraduate	France	3.7	Instagram	No	8.3	7	In Relationship	2	5
415	20	Female	Undergraduate	Switzerland	3	Instagram	No	8.8	8	Single	2	4
419	20	Female	Undergraduate	France	3.6	Instagram	No	8.4	7	In Relationship	2	5
425	19	Female	Undergraduate	Switzerland	2.9	Instagram	No	8.9	8	Single	2	4
429	19	Female	Undergraduate	France	3.5	Instagram	No	8.5	7	In Relationship	2	5
435	20	Female	Undergraduate	Switzerland	2.8	Instagram	No	9	8	Single	2	4
439	20	Female	Undergraduate	France	3.4	Instagram	No	8.6	7	In Relationship	2	5
445	19	Female	Undergraduate	Switzerland	2.7	Instagram	No	9.1	8	Single	2	4
449	19	Female	Undergraduate	France	3.3	Instagram	No	8.7	7	In Relationship	2	5
455	20	Female	Undergraduate	Switzerland	2.6	Instagram	No	9.2	8	Single	2	4
459	20	Female	Undergraduate	France	3.2	Instagram	No	8.8	7	In Relationship	2	5
465	19	Female	Undergraduate	Switzerland	2.5	Instagram	No	9.3	8	Single	2	4
469	19	Female	Undergraduate	France	3.1	Instagram	No	8.9	7	In Relationship	2	5
475	20	Female	Undergraduate	Switzerland	2.4	Instagram	No	9.4	8	Single	2	4
479	20	Female	Undergraduate	France	3	Instagram	No	9	7	In Relationship	2	5
485	19	Female	Undergraduate	Switzerland	2.3	Instagram	No	9.5	8	Single	2	4
489	19	Female	Undergraduate	France	2.9	Instagram	No	9.1	7	In Relationship	2	5
495	20	Female	Undergraduate	Switzerland	2.2	Instagram	No	9.6	8	Single	2	4
499	20	Female	Undergraduate	France	2.8	Instagram	No	9.2	7	In Relationship	2	5
503	20	Female	Undergraduate	Netherlands	3.8	Instagram	No	8.2	8	Single	2	4
523	20	Female	Undergraduate	Netherlands	3.6	Instagram	No	8.4	8	Single	2	4
533	19	Female	Undergraduate	Netherlands	3.5	Instagram	No	8.5	8	Single	2	4
543	20	Female	Undergraduate	Netherlands	3.4	Instagram	No	8.6	8	Single	2	4
553	19	Female	Undergraduate	Netherlands	3.3	Instagram	No	8.7	8	Single	2	4
563	20	Female	Undergraduate	Netherlands	3.2	Instagram	No	8.8	8	Single	2	4
575	21	Female	Undergraduate	Switzerland	4.2	Instagram	No	7.5	7	In Relationship	2	5
587	21	Female	Undergraduate	Finland	4.1	Instagram	No	7.7	7	In Relationship	2	5
589	20	Female	Undergraduate	Denmark	4.4	Instagram	No	7.4	7	In Relationship	2	5
606	19	Male	Undergraduate	Denmark	4.7	Instagram	No	7.2	7	In Relationship	2	5
609	23	Female	Graduate	Switzerland	4.4	Instagram	No	7.4	7	In Relationship	2	5
621	23	Female	Graduate	Finland	4.4	Instagram	No	7.4	7	In Relationship	2	5
630	19	Male	Undergraduate	France	4.7	Instagram	No	7.2	7	In Relationship	2	5
638	21	Male	Undergraduate	Finland	4.3	Instagram	No	7.5	7	In Relationship	2	5
647	20	Female	Undergraduate	France	4.8	Instagram	No	7.1	7	In Relationship	2	5
655	21	Female	Undergraduate	Finland	4.4	Instagram	No	7.4	7	In Relationship	2	5
672	23	Male	Graduate	Finland	4.3	Instagram	No	7.5	7	In Relationship	2	5
681	19	Female	Undergraduate	France	4.7	Instagram	No	7.2	7	In Relationship	2	5
689	20	Female	Undergraduate	Finland	4.4	Instagram	No	7.4	7	In Relationship	2	5
6	19	Female	Undergraduate	Australia	7.2	Instagram	Yes	4.5	4	Complicated	5	9
10	21	Female	Graduate	South Korea	3.3	Instagram	No	7	7	In Relationship	1	4
14	18	Female	High School	Mexico	6.5	Instagram	Yes	5.5	5	Single	4	9
26	19	Female	High School	Ireland	6.1	Instagram	Yes	5.2	5	Complicated	4	9
30	19	Female	High School	Thailand	5.9	Instagram	Yes	5.3	5	Complicated	4	8
38	19	Female	High School	UAE	6.2	Instagram	Yes	5.1	5	In Relationship	4	9
42	19	Female	High School	Nigeria	5.8	Instagram	Yes	5.4	5	Complicated	4	8
50	19	Female	High School	Ecuador	6.3	Instagram	Yes	5.2	5	Complicated	4	9
54	19	Female	High School	Costa Rica	5.7	Instagram	Yes	5.5	5	Single	4	8
74	20	Female	Undergraduate	Moldova	5.8	Instagram	Yes	5.3	5	Single	4	8
80	18	Female	High School	Armenia	5.9	Instagram	Yes	5.2	5	Complicated	4	9
90	18	Female	High School	Liechtenstein	5.8	Instagram	Yes	5.2	5	Single	4	9
94	20	Female	High School	Kosovo	5.5	Instagram	Yes	5.4	5	In Relationship	4	8
104	18	Female	High School	Syria	5.6	Instagram	Yes	5.4	5	Single	4	8
111	20	Male	Undergraduate	Bangladesh	6.1	Instagram	Yes	6.2	5	Single	4	8
114	22	Female	Graduate	Pakistan	5.5	Instagram	Yes	6	5	Single	4	8
120	19	Female	Undergraduate	Pakistan	5.4	Instagram	Yes	6.2	5	In Relationship	4	8
126	21	Female	Graduate	Pakistan	5.2	Instagram	Yes	6.4	5	In Relationship	4	8
132	20	Female	Undergraduate	Pakistan	5	Instagram	Yes	6.6	5	In Relationship	4	8
138	21	Female	Graduate	Pakistan	4.8	Instagram	Yes	6.8	5	In Relationship	4	8
144	20	Female	Undergraduate	Pakistan	4.6	Instagram	Yes	7	5	In Relationship	4	8
150	21	Female	Graduate	Pakistan	4.4	Instagram	Yes	7.2	5	In Relationship	4	8
156	20	Female	Undergraduate	Pakistan	4.2	Instagram	Yes	7.4	5	In Relationship	4	8
221	19	Female	Undergraduate	USA	6.5	Instagram	Yes	6	5	Single	4	9
232	22	Male	Graduate	Germany	4	Instagram	No	7.9	8	Single	1	4
237	19	Female	Undergraduate	USA	6.8	Instagram	Yes	5.9	4	Single	4	9
248	22	Male	Graduate	Germany	3.9	Instagram	No	7.8	8	Single	1	4
253	19	Female	Undergraduate	USA	6.7	Instagram	Yes	5.8	4	Single	4	9
264	22	Male	Graduate	Germany	3.8	Instagram	No	7.7	8	Single	1	4
269	19	Female	Undergraduate	USA	6.4	Instagram	Yes	5.7	4	Single	4	9
280	22	Male	Graduate	Germany	3.6	Instagram	No	7.9	8	Single	1	4
285	19	Female	Undergraduate	USA	6.7	Instagram	Yes	5.4	4	Single	4	9
296	22	Male	Graduate	Germany	3.4	Instagram	No	8.1	8	Single	1	4
301	19	Female	Undergraduate	USA	6.9	Instagram	Yes	5.2	4	Single	4	9
312	22	Male	Graduate	Germany	3.2	Instagram	No	8.3	8	Single	1	4
317	19	Female	Undergraduate	USA	7.1	Instagram	Yes	5	4	Single	4	9
337	19	Female	Undergraduate	USA	6.9	Instagram	Yes	5.4	5	In Relationship	4	9
357	19	Female	Undergraduate	USA	7.1	Instagram	Yes	5.2	5	In Relationship	4	9
377	19	Female	Undergraduate	USA	7.3	Instagram	Yes	5	5	In Relationship	4	9
397	19	Female	Undergraduate	USA	7.5	Instagram	Yes	4.8	5	In Relationship	4	9
417	19	Female	Undergraduate	USA	7.7	Instagram	Yes	4.6	5	In Relationship	4	9
437	19	Female	Undergraduate	USA	7.9	Instagram	Yes	4.4	5	In Relationship	4	9
457	19	Female	Undergraduate	USA	8.1	Instagram	Yes	4.2	5	In Relationship	4	9
477	19	Female	Undergraduate	USA	8.3	Instagram	Yes	4	5	In Relationship	4	9
497	19	Female	Undergraduate	USA	8.5	Instagram	Yes	3.8	5	In Relationship	4	9
507	20	Female	Undergraduate	UAE	6.5	Instagram	Yes	6.5	5	In Relationship	4	8
517	19	Female	Undergraduate	UAE	6.6	Instagram	Yes	6.4	5	In Relationship	4	8
527	20	Female	Undergraduate	UAE	6.7	Instagram	Yes	6.3	5	In Relationship	4	8
537	19	Female	Undergraduate	UAE	6.8	Instagram	Yes	6.2	5	In Relationship	4	8
547	20	Female	Undergraduate	UAE	6.9	Instagram	Yes	6.1	5	In Relationship	4	8
557	19	Female	Undergraduate	UAE	7	Instagram	Yes	6	5	In Relationship	4	8
567	20	Female	Undergraduate	UAE	7.1	Instagram	Yes	5.9	5	In Relationship	4	8
571	20	Female	Undergraduate	Spain	6.1	Instagram	Yes	7.2	5	Single	4	7
583	20	Female	Undergraduate	Russia	6.7	Instagram	Yes	6	5	Single	4	8
591	19	Female	Undergraduate	India	7	Instagram	Yes	5.8	4	Single	5	9
600	19	Male	Undergraduate	Russia	6.7	Instagram	Yes	6	4	Single	4	8
603	23	Female	Graduate	Poland	6.2	Instagram	Yes	6.4	5	Single	4	8
617	22	Female	Graduate	Russia	6.8	Instagram	Yes	5.9	4	Single	5	9
627	23	Female	Graduate	Turkey	6.7	Instagram	Yes	6.1	5	Single	4	8
634	20	Male	Undergraduate	Russia	6.9	Instagram	Yes	5.9	4	Single	5	9
644	21	Male	Undergraduate	Turkey	6.8	Instagram	Yes	6	5	Single	4	8
651	19	Female	Undergraduate	Russia	6.8	Instagram	Yes	5.9	4	Single	5	9
661	21	Female	Undergraduate	Turkey	6.7	Instagram	Yes	6	5	Single	4	8
668	24	Male	Graduate	Russia	6.9	Instagram	Yes	5.9	4	Single	5	9
678	23	Male	Graduate	Turkey	6.8	Instagram	Yes	6	5	Single	4	8
685	21	Female	Undergraduate	Russia	6.7	Instagram	Yes	6	4	Single	5	9
695	20	Female	Undergraduate	Turkey	6.6	Instagram	Yes	6.1	5	Single	4	8
702	23	Male	Graduate	Russia	6.8	Instagram	Yes	5.9	4	Single	5	9
3	20	Female	Undergraduate	USA	6	TikTok	Yes	5	5	Complicated	4	9
9	18	Male	High School	Japan	4	TikTok	No	6.5	7	Single	1	5
21	18	Male	High School	Belgium	5.3	TikTok	Yes	5.5	5	Single	4	8
24	20	Female	Undergraduate	Portugal	5.7	TikTok	Yes	5.4	5	Single	4	8
33	18	Male	High School	Indonesia	5.4	TikTok	Yes	5.4	5	Complicated	4	8
36	20	Female	Undergraduate	Turkey	5.6	TikTok	Yes	5.5	5	Complicated	4	8
45	18	Male	High School	Argentina	5.5	TikTok	Yes	5.3	5	Single	4	8
48	20	Female	Undergraduate	Peru	5.5	TikTok	Yes	5.6	5	Single	4	8
57	18	Male	High School	Trinidad	5.6	TikTok	Yes	5.2	5	Single	4	8
60	20	Female	Undergraduate	Finland	5.4	TikTok	Yes	5.7	5	Single	4	8
68	19	Female	High School	Slovenia	5.7	TikTok	Yes	5.4	5	In Relationship	4	8
77	19	Male	High School	Uzbekistan	5.5	TikTok	Yes	5.4	5	Complicated	4	8
87	19	Male	High School	Andorra	5.3	TikTok	Yes	5.5	5	In Relationship	4	8
100	21	Female	Undergraduate	Jordan	5.4	TikTok	Yes	5.5	5	In Relationship	4	8
119	22	Male	Graduate	Nepal	4.7	TikTok	No	7.3	7	Single	2	5
123	19	Male	Undergraduate	Bangladesh	5.3	TikTok	Yes	6.3	5	Single	4	8
131	19	Male	Undergraduate	Nepal	4.3	TikTok	No	7.7	7	Single	2	5
135	19	Male	Undergraduate	Bangladesh	4.9	TikTok	Yes	6.7	5	Single	4	8
143	19	Male	Undergraduate	Nepal	3.9	TikTok	No	8.1	7	Single	2	5
147	19	Male	Undergraduate	Bangladesh	4.5	TikTok	Yes	7.1	5	Single	4	8
155	19	Male	Undergraduate	Nepal	3.5	TikTok	No	8.5	7	Single	2	5
159	19	Male	Undergraduate	Bangladesh	4.1	TikTok	Yes	7.5	5	Single	4	8
229	19	Female	Undergraduate	USA	7	TikTok	Yes	5.8	4	In Relationship	4	9
234	21	Male	Graduate	Italy	5.7	TikTok	Yes	6.5	5	In Relationship	3	8
245	19	Female	Undergraduate	USA	6.9	TikTok	Yes	5.7	4	In Relationship	4	9
250	21	Male	Graduate	Italy	5.6	TikTok	Yes	6.6	5	In Relationship	3	8
261	19	Female	Undergraduate	USA	6.6	TikTok	Yes	5.6	4	In Relationship	4	9
266	21	Male	Graduate	Italy	5.2	TikTok	Yes	6.9	5	In Relationship	3	8
277	19	Female	Undergraduate	USA	6.6	TikTok	Yes	5.5	4	In Relationship	4	9
282	21	Male	Graduate	Italy	5.3	TikTok	Yes	6.8	5	In Relationship	3	8
293	19	Female	Undergraduate	USA	6.8	TikTok	Yes	5.3	4	In Relationship	4	9
298	21	Male	Graduate	Italy	5.1	TikTok	Yes	7	5	In Relationship	3	8
309	19	Female	Undergraduate	USA	7	TikTok	Yes	5.1	4	In Relationship	4	9
314	21	Male	Graduate	Italy	4.9	TikTok	Yes	7.2	5	In Relationship	3	8
327	20	Female	Undergraduate	USA	6.8	TikTok	Yes	5.5	5	In Relationship	4	9
343	20	Female	Undergraduate	Ireland	4.7	TikTok	Yes	7.2	7	Single	3	6
347	20	Female	Undergraduate	USA	7	TikTok	Yes	5.3	5	In Relationship	4	9
363	20	Female	Undergraduate	Ireland	4.5	TikTok	Yes	7.4	7	Single	3	6
367	20	Female	Undergraduate	USA	7.2	TikTok	Yes	5.1	5	In Relationship	4	9
383	20	Female	Undergraduate	Ireland	4.3	TikTok	Yes	7.6	7	Single	3	6
387	20	Female	Undergraduate	USA	7.4	TikTok	Yes	4.9	5	In Relationship	4	9
403	20	Female	Undergraduate	Ireland	4.1	TikTok	Yes	7.8	7	Single	3	6
407	20	Female	Undergraduate	USA	7.6	TikTok	Yes	4.7	5	In Relationship	4	9
423	20	Female	Undergraduate	Ireland	3.9	TikTok	Yes	8	7	Single	3	6
427	20	Female	Undergraduate	USA	7.8	TikTok	Yes	4.5	5	In Relationship	4	9
443	20	Female	Undergraduate	Ireland	3.7	TikTok	Yes	8.2	7	Single	3	6
447	20	Female	Undergraduate	USA	8	TikTok	Yes	4.3	5	In Relationship	4	9
463	20	Female	Undergraduate	Ireland	3.5	TikTok	Yes	8.4	7	Single	3	6
467	20	Female	Undergraduate	USA	8.2	TikTok	Yes	4.1	5	In Relationship	4	9
483	20	Female	Undergraduate	Ireland	3.3	TikTok	Yes	8.6	7	Single	3	6
487	20	Female	Undergraduate	USA	8.4	TikTok	Yes	3.9	5	In Relationship	4	9
513	19	Female	Undergraduate	Netherlands	3.7	TikTok	No	8.3	8	Single	2	4
520	22	Male	Graduate	Canada	4.7	TikTok	Yes	7.5	7	Single	3	6
540	22	Male	Graduate	Canada	4.5	TikTok	Yes	7.7	7	Single	3	6
560	22	Male	Graduate	Canada	4.3	TikTok	Yes	7.9	7	Single	3	6
576	24	Male	Graduate	Turkey	6.8	TikTok	Yes	6.2	5	Single	4	8
581	21	Female	Undergraduate	UK	6.3	TikTok	Yes	6.4	5	Single	4	8
588	24	Male	Graduate	Spain	6.6	TikTok	Yes	6.2	5	Single	4	8
593	21	Female	Undergraduate	Turkey	6.9	TikTok	Yes	6.1	5	Single	4	8
597	23	Female	Graduate	Canada	4.9	TikTok	No	7.3	7	In Relationship	2	5
605	22	Female	Graduate	Spain	6.3	TikTok	Yes	6.3	5	Single	4	8
610	20	Male	Undergraduate	Turkey	6.6	TikTok	Yes	6.2	5	Single	4	8
615	23	Female	Graduate	UK	6.1	TikTok	Yes	6.4	5	Single	4	8
620	21	Male	Undergraduate	Poland	6.3	TikTok	Yes	6.3	5	Single	4	8
625	24	Female	Graduate	India	7	TikTok	Yes	5.8	4	Single	5	9
637	24	Female	Graduate	Poland	6.1	TikTok	Yes	6.4	5	Single	4	8
642	19	Male	Undergraduate	India	7.2	TikTok	Yes	5.7	4	Single	5	9
654	23	Male	Graduate	Poland	6.2	TikTok	Yes	6.3	5	Single	4	8
659	20	Female	Undergraduate	India	7.1	TikTok	Yes	5.8	4	Single	5	9
663	19	Female	Undergraduate	Mexico	6.4	TikTok	Yes	6.2	5	Single	4	8
667	21	Female	Undergraduate	Italy	4.8	TikTok	No	7.1	7	In Relationship	2	5
673	21	Female	Undergraduate	Spain	6.4	TikTok	Yes	6.2	5	Single	4	8
677	20	Female	Undergraduate	Switzerland	4.6	TikTok	No	7.2	7	In Relationship	2	5
688	22	Male	Graduate	Poland	6.3	TikTok	Yes	6.2	5	Single	4	8
693	19	Female	Undergraduate	India	7	TikTok	Yes	5.8	4	Single	5	9
697	21	Female	Undergraduate	Mexico	6.3	TikTok	Yes	6.2	5	Single	4	8
701	20	Female	Undergraduate	Italy	4.7	TikTok	No	7.2	7	In Relationship	2	5
12	20	Female	Undergraduate	Spain	5.5	TikTok	Yes	5.8	6	In Relationship	2	8
16	20	Female	Undergraduate	China	4.2	TikTok	Yes	6	6	Complicated	3	7
28	20	Female	Undergraduate	Singapore	4.4	TikTok	Yes	5.9	6	In Relationship	3	7
40	20	Female	Undergraduate	Morocco	4.5	TikTok	Yes	5.8	6	Single	3	7
52	20	Female	Undergraduate	Paraguay	4.7	TikTok	Yes	5.8	6	In Relationship	3	7
63	20	Male	Undergraduate	Hungary	4.2	TikTok	Yes	6	6	Complicated	3	7
73	19	Male	Undergraduate	Ukraine	4.9	TikTok	Yes	5.7	6	Complicated	3	7
82	19	Female	Undergraduate	Azerbaijan	4.8	TikTok	Yes	5.7	6	Single	3	7
92	19	Female	Undergraduate	Albania	4.7	TikTok	Yes	5.8	6	Complicated	3	7
96	19	Female	Undergraduate	Qatar	4.9	TikTok	Yes	5.7	6	Single	3	7
106	19	Female	Undergraduate	Pakistan	4.8	TikTok	Yes	5.7	6	In Relationship	3	7
112	21	Female	Undergraduate	India	5.8	TikTok	Yes	5.9	6	In Relationship	3	7
115	20	Male	Undergraduate	Sri Lanka	5.2	TikTok	Yes	6.3	6	In Relationship	3	7
127	19	Male	Undergraduate	Sri Lanka	5.7	TikTok	Yes	5.7	6	Single	3	7
139	19	Male	Undergraduate	Sri Lanka	5.3	TikTok	Yes	5.3	6	Single	3	7
151	19	Male	Undergraduate	Sri Lanka	4.9	TikTok	Yes	4.9	6	Single	3	7
163	20	Female	Undergraduate	Nepal	5.5	TikTok	Yes	5.9	6	Single	4	8
166	21	Male	Graduate	Maldives	5.4	TikTok	Yes	6	6	In Relationship	4	8
169	19	Female	Undergraduate	Nepal	5.6	TikTok	Yes	5.8	6	Single	4	8
172	22	Male	Graduate	Maldives	5.3	TikTok	Yes	5.7	6	In Relationship	4	8
175	20	Female	Undergraduate	Nepal	5.7	TikTok	Yes	5.6	6	Single	4	8
178	21	Male	Graduate	Maldives	5.2	TikTok	Yes	5.5	6	In Relationship	4	8
181	19	Female	Undergraduate	Nepal	5.8	TikTok	Yes	5.4	6	Single	4	8
184	22	Male	Graduate	Maldives	5.1	TikTok	Yes	5.3	6	In Relationship	4	8
187	20	Female	Undergraduate	Nepal	5.9	TikTok	Yes	5.2	6	Single	4	8
190	21	Male	Graduate	Maldives	5	TikTok	Yes	5.1	6	In Relationship	4	8
193	19	Female	Undergraduate	Nepal	6	TikTok	Yes	5	6	Single	4	8
196	22	Male	Graduate	Maldives	4.9	TikTok	Yes	4.9	6	In Relationship	4	8
199	20	Female	Undergraduate	Nepal	6.1	TikTok	Yes	4.8	6	Single	4	8
202	21	Male	Graduate	Maldives	4.8	TikTok	Yes	4.7	6	In Relationship	4	8
205	19	Female	Undergraduate	Nepal	6.2	TikTok	Yes	4.6	6	Single	4	8
208	22	Male	Graduate	Maldives	4.7	TikTok	Yes	4.5	6	In Relationship	4	8
211	20	Female	Undergraduate	Nepal	6.3	TikTok	Yes	4.4	6	Single	4	8
214	21	Male	Graduate	Maldives	4.6	TikTok	Yes	4.3	6	In Relationship	4	8
217	19	Female	Undergraduate	Nepal	6.4	TikTok	Yes	4.2	6	Single	4	8
220	22	Male	Graduate	Maldives	4.5	TikTok	Yes	4.1	6	In Relationship	4	8
222	21	Male	Graduate	UK	5.8	TikTok	Yes	6.5	6	In Relationship	3	7
331	20	Female	Undergraduate	Spain	5.1	TikTok	Yes	6.7	6	Single	3	7
336	22	Male	Graduate	Turkey	5.4	TikTok	Yes	6.8	6	Single	3	7
340	22	Male	Graduate	Canada	5.2	TikTok	Yes	7	6	Single	3	7
351	20	Female	Undergraduate	Spain	4.9	TikTok	Yes	7	6	Single	3	7
356	22	Male	Graduate	Turkey	5.2	TikTok	Yes	7	6	Single	3	7
360	22	Male	Graduate	Canada	5	TikTok	Yes	7.2	6	Single	3	7
371	20	Female	Undergraduate	Spain	4.7	TikTok	Yes	7.2	6	Single	3	7
376	22	Male	Graduate	Turkey	5	TikTok	Yes	7.2	6	Single	3	7
380	22	Male	Graduate	Canada	4.8	TikTok	Yes	7.4	6	Single	3	7
391	20	Female	Undergraduate	Spain	4.5	TikTok	Yes	7.4	6	Single	3	7
396	22	Male	Graduate	Turkey	4.8	TikTok	Yes	7.4	6	Single	3	7
400	22	Male	Graduate	Canada	4.6	TikTok	Yes	7.6	6	Single	3	7
411	20	Female	Undergraduate	Spain	4.3	TikTok	Yes	7.6	6	Single	3	7
416	22	Male	Graduate	Turkey	4.6	TikTok	Yes	7.6	6	Single	3	7
420	22	Male	Graduate	Canada	4.4	TikTok	Yes	7.8	6	Single	3	7
431	20	Female	Undergraduate	Spain	4.1	TikTok	Yes	7.8	6	Single	3	7
436	22	Male	Graduate	Turkey	4.4	TikTok	Yes	7.8	6	Single	3	7
440	22	Male	Graduate	Canada	4.2	TikTok	Yes	8	6	Single	3	7
451	20	Female	Undergraduate	Spain	3.9	TikTok	Yes	8	6	Single	3	7
456	22	Male	Graduate	Turkey	4.2	TikTok	Yes	8	6	Single	3	7
460	22	Male	Graduate	Canada	4	TikTok	Yes	8.2	6	Single	3	7
471	20	Female	Undergraduate	Spain	3.7	TikTok	Yes	8.2	6	Single	3	7
476	22	Male	Graduate	Turkey	4	TikTok	Yes	8.2	6	Single	3	7
480	22	Male	Graduate	Canada	3.8	TikTok	Yes	8.4	6	Single	3	7
491	20	Female	Undergraduate	Spain	3.5	TikTok	Yes	8.4	6	Single	3	7
496	22	Male	Graduate	Turkey	3.8	TikTok	Yes	8.4	6	Single	3	7
500	22	Male	Graduate	Canada	3.6	TikTok	Yes	8.6	6	Single	3	7
505	19	Female	Undergraduate	Singapore	5.1	TikTok	Yes	7	6	Single	3	7
515	20	Female	Undergraduate	Singapore	5.2	TikTok	Yes	6.9	6	Single	3	7
525	19	Female	Undergraduate	Singapore	5.3	TikTok	Yes	6.8	6	Single	3	7
531	20	Female	Undergraduate	Brazil	5.9	TikTok	Yes	6.6	6	Single	3	7
535	20	Female	Undergraduate	Singapore	5.4	TikTok	Yes	6.7	6	Single	3	7
545	19	Female	Undergraduate	Singapore	5.5	TikTok	Yes	6.6	6	Single	3	7
551	20	Female	Undergraduate	Brazil	5.7	TikTok	Yes	6.8	6	Single	3	7
555	20	Female	Undergraduate	Singapore	5.6	TikTok	Yes	6.5	6	Single	3	7
565	19	Female	Undergraduate	Singapore	5.7	TikTok	Yes	6.4	6	Single	3	7
573	19	Female	Undergraduate	Ireland	5.5	TikTok	Yes	6.8	6	Single	4	8
631	24	Female	Graduate	Canada	5.6	TikTok	Yes	6.7	6	Single	3	7
648	23	Male	Graduate	Canada	5.7	TikTok	Yes	6.6	6	Single	3	7
682	22	Male	Graduate	Canada	5.8	TikTok	Yes	6.6	6	Single	3	7
19	21	Male	Undergraduate	Denmark	3.5	Facebook	No	6.7	7	Single	1	5
31	21	Male	Undergraduate	Vietnam	3.6	Facebook	No	6.7	7	Single	1	5
37	22	Male	Graduate	Israel	3.1	Facebook	No	6.8	7	Single	1	5
61	22	Male	Graduate	Poland	3.1	Facebook	No	7.1	7	Single	1	5
103	20	Male	Undergraduate	Yemen	4.7	Facebook	Yes	5.8	6	In Relationship	3	7
117	21	Male	Graduate	Bangladesh	6	Facebook	Yes	5.8	5	In Relationship	4	8
121	20	Male	Undergraduate	Sri Lanka	5.9	Facebook	Yes	5.9	6	Single	3	7
129	22	Male	Graduate	Bangladesh	5.1	Facebook	Yes	6.5	5	Single	4	8
133	22	Male	Graduate	Sri Lanka	5.5	Facebook	Yes	5.5	6	Single	3	7
141	22	Male	Graduate	Bangladesh	4.7	Facebook	Yes	6.9	5	Single	4	8
145	22	Male	Graduate	Sri Lanka	5.1	Facebook	Yes	5.1	6	Single	3	7
153	22	Male	Graduate	Bangladesh	4.3	Facebook	Yes	7.3	5	Single	4	8
157	22	Male	Graduate	Sri Lanka	4.7	Facebook	Yes	4.7	6	Single	3	7
238	21	Male	Graduate	UK	5.6	Facebook	Yes	6.6	6	In Relationship	3	7
254	21	Male	Graduate	UK	5.4	Facebook	Yes	6.5	6	In Relationship	3	7
270	21	Male	Graduate	UK	5.2	Facebook	Yes	6.4	6	In Relationship	3	7
272	22	Male	Graduate	Germany	3.7	Facebook	No	7.8	8	In Relationship	1	4
286	21	Male	Graduate	UK	5	Facebook	Yes	6.6	6	In Relationship	3	7
288	22	Male	Graduate	Germany	3.5	Facebook	No	8	8	In Relationship	1	4
302	21	Male	Graduate	UK	4.8	Facebook	Yes	6.8	6	In Relationship	3	7
304	22	Male	Graduate	Germany	3.3	Facebook	No	8.2	8	In Relationship	1	4
318	21	Male	Graduate	UK	4.6	Facebook	Yes	7	6	In Relationship	3	7
320	22	Male	Graduate	Germany	3.1	Facebook	No	8.4	8	In Relationship	1	4
524	22	Male	Graduate	New Zealand	4.5	Facebook	Yes	7.7	7	In Relationship	3	6
534	21	Male	Graduate	New Zealand	4.4	Facebook	Yes	7.8	7	In Relationship	3	6
554	21	Male	Graduate	New Zealand	4.2	Facebook	Yes	8	7	In Relationship	3	6
574	22	Male	Graduate	India	7.2	Facebook	Yes	5.9	4	Single	5	9
578	22	Male	Graduate	Mexico	6.5	Facebook	Yes	6.1	5	Single	4	8
586	23	Male	Graduate	Poland	6.4	Facebook	Yes	6.3	5	Single	4	8
595	20	Female	Undergraduate	Mexico	6.2	Facebook	Yes	6.3	5	Single	4	8
598	20	Male	Undergraduate	UK	6.4	Facebook	Yes	6.2	5	Single	4	8
608	21	Male	Undergraduate	India	7.1	Facebook	Yes	5.7	4	Single	5	9
612	19	Male	Undergraduate	Mexico	6.5	Facebook	Yes	6.1	5	Single	4	8
622	20	Male	Undergraduate	Spain	6.5	Facebook	Yes	6.2	5	Single	4	8
629	22	Female	Graduate	Mexico	6.4	Facebook	Yes	6.2	5	Single	4	8
632	21	Male	Undergraduate	UK	6.2	Facebook	Yes	6.3	5	Single	4	8
639	23	Female	Graduate	Spain	6.4	Facebook	Yes	6.2	5	Single	4	8
646	22	Male	Graduate	Mexico	6.3	Facebook	Yes	6.2	5	Single	4	8
656	24	Male	Graduate	Spain	6.5	Facebook	Yes	6.1	5	Single	4	8
671	20	Female	Undergraduate	Poland	6.1	Facebook	Yes	6.4	5	Single	4	8
676	22	Male	Graduate	India	7.2	Facebook	Yes	5.7	4	Single	5	9
680	24	Male	Graduate	Mexico	6.2	Facebook	Yes	6.3	5	Single	4	8
690	23	Male	Graduate	Spain	6.5	Facebook	Yes	6.1	5	Single	4	8
705	19	Female	Undergraduate	Poland	6.2	Facebook	Yes	6.3	5	Single	4	8
5	21	Male	Graduate	Canada	4.5	Facebook	Yes	6	6	In Relationship	2	7
25	22	Male	Graduate	Greece	3.2	Facebook	No	6.9	7	In Relationship	2	5
43	21	Male	Undergraduate	Kenya	3.7	Facebook	No	6.6	7	Single	2	5
49	22	Male	Graduate	Venezuela	3.3	Facebook	No	6.7	7	In Relationship	2	5
55	21	Male	Undergraduate	Panama	3.6	Facebook	No	6.5	7	In Relationship	2	5
72	21	Female	Graduate	Lithuania	3.2	Facebook	No	6.8	7	In Relationship	2	5
78	22	Female	Graduate	Kyrgyzstan	2.9	Facebook	No	7	7	In Relationship	2	5
83	20	Male	Undergraduate	Cyprus	3.8	Facebook	No	6.6	7	Complicated	2	6
91	22	Male	Graduate	Montenegro	2.9	Facebook	No	7	7	In Relationship	2	5
113	19	Male	Undergraduate	Nepal	4.9	Facebook	No	7.1	7	Single	2	5
125	20	Male	Undergraduate	Nepal	4.5	Facebook	No	7.5	7	Single	2	5
137	22	Male	Graduate	Nepal	4.1	Facebook	No	7.9	7	Single	2	5
149	22	Male	Graduate	Nepal	3.7	Facebook	No	8.3	7	Single	2	5
162	21	Male	Graduate	India	4.8	Facebook	No	7.2	7	In Relationship	2	6
165	19	Female	Undergraduate	Sri Lanka	5.1	Facebook	No	7	7	Single	2	5
168	22	Male	Graduate	India	5.2	Facebook	No	7.1	7	In Relationship	2	6
171	20	Female	Undergraduate	Sri Lanka	5	Facebook	No	7.3	7	Single	2	5
174	21	Male	Graduate	India	5.1	Facebook	No	7.4	7	In Relationship	2	6
177	19	Female	Undergraduate	Sri Lanka	4.9	Facebook	No	7.5	7	Single	2	5
180	22	Male	Graduate	India	5	Facebook	No	7.6	7	In Relationship	2	6
183	20	Female	Undergraduate	Sri Lanka	4.8	Facebook	No	7.7	7	Single	2	5
186	21	Male	Graduate	India	4.9	Facebook	No	7.8	7	In Relationship	2	6
189	19	Female	Undergraduate	Sri Lanka	4.7	Facebook	No	7.9	7	Single	2	5
192	22	Male	Graduate	India	4.8	Facebook	No	8	7	In Relationship	2	6
195	20	Female	Undergraduate	Sri Lanka	4.6	Facebook	No	8.1	7	Single	2	5
198	21	Male	Graduate	India	4.7	Facebook	No	8.2	7	In Relationship	2	6
201	19	Female	Undergraduate	Sri Lanka	4.5	Facebook	No	8.3	7	Single	2	5
204	22	Male	Graduate	India	4.6	Facebook	No	8.4	7	In Relationship	2	6
207	20	Female	Undergraduate	Sri Lanka	4.4	Facebook	No	8.5	7	Single	2	5
210	21	Male	Graduate	India	4.5	Facebook	No	8.6	7	In Relationship	2	6
213	19	Female	Undergraduate	Sri Lanka	4.3	Facebook	No	8.7	7	Single	2	5
216	22	Male	Graduate	India	4.4	Facebook	No	8.8	7	In Relationship	2	6
219	20	Female	Undergraduate	Sri Lanka	4.2	Facebook	No	8.9	7	Single	2	5
224	22	Male	Graduate	Germany	4.2	Facebook	No	7.8	7	In Relationship	2	4
231	20	Female	Undergraduate	Australia	4.7	Facebook	No	7.4	7	In Relationship	2	5
240	22	Male	Graduate	Germany	4.1	Facebook	No	7.7	8	In Relationship	2	4
247	20	Female	Undergraduate	Australia	4.8	Facebook	No	7.2	7	In Relationship	2	5
256	22	Male	Graduate	Germany	4	Facebook	No	7.6	8	In Relationship	2	4
263	20	Female	Undergraduate	Australia	4.3	Facebook	No	7.5	7	In Relationship	2	5
279	20	Female	Undergraduate	Australia	4.4	Facebook	No	7.4	7	In Relationship	2	5
295	20	Female	Undergraduate	Australia	4.2	Facebook	No	7.6	7	In Relationship	2	5
311	20	Female	Undergraduate	Australia	4	Facebook	No	7.8	7	In Relationship	2	5
322	21	Male	Graduate	Denmark	4.1	Facebook	No	7.8	8	In Relationship	2	4
332	22	Male	Graduate	Denmark	3.9	Facebook	No	7.9	8	In Relationship	2	4
342	21	Male	Graduate	Denmark	3.8	Facebook	No	8	8	In Relationship	2	4
352	22	Male	Graduate	Denmark	3.7	Facebook	No	8.1	8	In Relationship	2	4
362	21	Male	Graduate	Denmark	3.6	Facebook	No	8.2	8	In Relationship	2	4
372	22	Male	Graduate	Denmark	3.5	Facebook	No	8.3	8	In Relationship	2	4
382	21	Male	Graduate	Denmark	3.4	Facebook	No	8.4	8	In Relationship	2	4
392	22	Male	Graduate	Denmark	3.3	Facebook	No	8.5	8	In Relationship	2	4
402	21	Male	Graduate	Denmark	3.2	Facebook	No	8.6	8	In Relationship	2	4
412	22	Male	Graduate	Denmark	3.1	Facebook	No	8.7	8	In Relationship	2	4
422	21	Male	Graduate	Denmark	3	Facebook	No	8.8	8	In Relationship	2	4
432	22	Male	Graduate	Denmark	2.9	Facebook	No	8.9	8	In Relationship	2	4
442	21	Male	Graduate	Denmark	2.8	Facebook	No	9	8	In Relationship	2	4
452	22	Male	Graduate	Denmark	2.7	Facebook	No	9.1	8	In Relationship	2	4
462	21	Male	Graduate	Denmark	2.6	Facebook	No	9.2	8	In Relationship	2	4
472	22	Male	Graduate	Denmark	2.5	Facebook	No	9.3	8	In Relationship	2	4
482	21	Male	Graduate	Denmark	2.4	Facebook	No	9.4	8	In Relationship	2	4
492	22	Male	Graduate	Denmark	2.3	Facebook	No	9.5	8	In Relationship	2	4
508	22	Male	Graduate	Poland	4.2	Facebook	No	7.9	7	Single	2	5
518	21	Male	Graduate	Poland	4.1	Facebook	No	8	7	Single	2	5
528	22	Male	Graduate	Poland	4	Facebook	No	8.1	7	Single	2	5
538	21	Male	Graduate	Poland	3.9	Facebook	No	8.2	7	Single	2	5
548	22	Male	Graduate	Poland	3.8	Facebook	No	8.3	7	Single	2	5
558	21	Male	Graduate	Poland	3.7	Facebook	No	8.4	7	Single	2	5
568	22	Male	Graduate	Poland	3.6	Facebook	No	8.5	7	Single	2	5
582	24	Male	Graduate	Italy	4.9	Facebook	No	7.3	7	In Relationship	2	5
592	23	Male	Graduate	Switzerland	4.3	Facebook	No	7.5	7	In Relationship	2	5
604	20	Male	Undergraduate	Finland	4.5	Facebook	No	7.4	7	In Relationship	2	5
616	20	Male	Undergraduate	Italy	4.6	Facebook	No	7.2	7	In Relationship	2	5
626	21	Male	Undergraduate	Switzerland	4.5	Facebook	No	7.3	7	In Relationship	2	5
643	24	Female	Graduate	Switzerland	4.6	Facebook	No	7.2	7	In Relationship	2	5
650	24	Male	Graduate	Italy	4.7	Facebook	No	7.2	7	In Relationship	2	5
660	23	Male	Graduate	Switzerland	4.5	Facebook	No	7.3	7	In Relationship	2	5
664	22	Male	Graduate	France	4.7	Facebook	No	7.2	7	In Relationship	2	5
684	23	Male	Graduate	Italy	4.8	Facebook	No	7.1	7	In Relationship	2	5
694	22	Male	Graduate	Switzerland	4.5	Facebook	No	7.3	7	In Relationship	2	5
698	24	Male	Graduate	France	4.8	Facebook	No	7.1	7	In Relationship	2	5
2	22	Male	Graduate	India	2.1	Twitter	No	7.5	8	Single	0	3
4	18	Male	High School	UK	3	YouTube	No	7	7	Single	1	4
7	23	Male	Graduate	Germany	1.5	LinkedIn	No	8	9	Single	0	2
8	20	Female	Undergraduate	Brazil	5.8	Snapchat	Yes	6	6	In Relationship	2	8
11	19	Male	Undergraduate	France	4.8	Snapchat	Yes	6.2	5	Complicated	3	7
13	22	Male	Graduate	Italy	2.8	LinkedIn	No	7.2	8	Single	1	4
15	21	Male	Undergraduate	Russia	3.7	YouTube	No	6.8	7	In Relationship	2	5
17	24	Male	Graduate	Sweden	2	LinkedIn	No	7.8	8	Single	0	3
20	20	Female	Undergraduate	Netherlands	4.7	Snapchat	Yes	5.9	6	Complicated	3	7
22	23	Female	Graduate	Switzerland	2.5	LinkedIn	No	7.3	8	In Relationship	1	4
27	21	Male	Undergraduate	New Zealand	3.8	YouTube	No	6.6	7	Single	1	5
29	24	Male	Graduate	Malaysia	2.2	LinkedIn	No	7.4	8	Single	0	3
32	20	Female	Undergraduate	Philippines	4.8	Snapchat	Yes	5.7	6	In Relationship	3	7
34	23	Female	Graduate	Taiwan	2.6	LinkedIn	No	7.2	8	Single	1	4
39	21	Male	Undergraduate	Egypt	3.9	YouTube	No	6.5	7	Complicated	2	6
41	24	Male	Graduate	South Africa	2.3	LinkedIn	No	7.3	8	In Relationship	1	4
44	20	Female	Undergraduate	Ghana	4.6	Snapchat	Yes	5.7	6	In Relationship	3	7
46	23	Female	Graduate	Chile	2.7	LinkedIn	No	7.1	8	Complicated	1	4
51	21	Male	Undergraduate	Uruguay	3.8	YouTube	No	6.4	7	Single	2	6
53	24	Male	Graduate	Bolivia	2.4	LinkedIn	No	7.2	8	Complicated	1	4
56	20	Female	Undergraduate	Jamaica	4.9	Snapchat	Yes	5.6	6	Complicated	3	7
58	23	Female	Graduate	Bahamas	2.8	LinkedIn	No	7	8	In Relationship	1	4
64	18	Female	High School	Czech Republic	6.1	Snapchat	Yes	5.2	4	Single	4	9
65	23	Male	Graduate	Slovakia	2.3	LinkedIn	No	7.4	8	In Relationship	1	3
67	20	Male	Undergraduate	Serbia	3.9	YouTube	No	6.5	7	Complicated	2	6
69	22	Male	Graduate	Bulgaria	2.8	LinkedIn	No	7.2	8	Single	1	4
71	18	Male	High School	Latvia	5.4	Snapchat	Yes	5.5	5	Single	4	8
75	23	Male	Graduate	Belarus	2.5	LinkedIn	No	7.3	8	In Relationship	1	4
76	21	Female	Undergraduate	Kazakhstan	4.6	Snapchat	Yes	5.8	6	Single	3	7
79	20	Male	Undergraduate	Tajikistan	4.7	YouTube	Yes	5.9	6	Single	3	7
81	21	Male	Graduate	Georgia	3	LinkedIn	No	7.1	8	In Relationship	1	4
84	22	Female	Graduate	Malta	2.7	LinkedIn	No	7.2	8	In Relationship	1	4
85	18	Male	High School	Luxembourg	5.6	Snapchat	Yes	5.3	5	Single	4	8
88	23	Female	Graduate	San Marino	2.6	LinkedIn	No	7.3	8	Single	1	4
89	20	Male	Undergraduate	Vatican City	4.4	YouTube	Yes	6	6	Complicated	3	7
93	21	Male	Undergraduate	North Macedonia	3.7	Snapchat	No	6.5	7	Single	2	6
95	23	Male	Graduate	Bosnia	2.4	LinkedIn	No	7.4	8	Complicated	1	4
97	18	Male	High School	Kuwait	5.7	Snapchat	Yes	5.3	5	In Relationship	4	8
98	22	Female	Graduate	Bahrain	2.8	LinkedIn	No	7.1	8	Complicated	1	4
101	19	Male	High School	Lebanon	5.8	YouTube	Yes	5.2	5	Complicated	4	9
102	23	Female	Graduate	Iraq	2.5	LinkedIn	No	7.3	8	Single	1	4
105	22	Male	Graduate	Afghanistan	2.9	LinkedIn	No	7	7	Complicated	2	5
107	21	Male	Undergraduate	Nepal	3.8	YouTube	No	6.6	7	Single	2	6
108	20	Female	High School	Bhutan	5.5	Snapchat	Yes	5.5	5	Complicated	4	8
109	23	Male	Graduate	Sri Lanka	2.6	LinkedIn	No	7.2	8	In Relationship	1	4
225	19	Female	Undergraduate	Japan	3.8	LINE	No	7.9	8	Single	1	3
227	20	Female	Undergraduate	South Korea	5.2	KakaoTalk	Yes	6.5	6	In Relationship	3	6
228	22	Male	Graduate	Russia	4.8	VKontakte	No	7.2	7	Single	2	5
233	19	Female	Undergraduate	Japan	3.5	LINE	No	8	8	Single	1	3
235	20	Female	Undergraduate	South Korea	5	KakaoTalk	Yes	6.8	6	Single	3	6
236	22	Male	Graduate	Russia	4.5	VKontakte	No	7.4	7	In Relationship	2	5
241	19	Female	Undergraduate	Japan	3.7	LINE	No	7.8	8	Single	1	3
243	20	Female	Undergraduate	South Korea	5.1	KakaoTalk	Yes	6.6	6	In Relationship	3	6
244	22	Male	Graduate	Russia	4.7	VKontakte	No	7.3	7	Single	2	5
249	19	Female	Undergraduate	Japan	3.6	LINE	No	8.1	8	Single	1	3
251	20	Female	Undergraduate	South Korea	4.9	KakaoTalk	Yes	6.9	6	Single	3	6
252	22	Male	Graduate	Russia	4.6	VKontakte	No	7.5	7	In Relationship	2	5
257	19	Female	Undergraduate	Japan	3.4	LINE	No	8.2	8	Single	1	3
259	20	Female	Undergraduate	South Korea	5	KakaoTalk	Yes	6.7	6	In Relationship	3	6
260	22	Male	Graduate	Russia	4.4	VKontakte	No	7.6	7	Single	2	5
265	19	Female	Undergraduate	Japan	3.3	LINE	No	8.3	8	Single	1	3
267	20	Female	Undergraduate	South Korea	4.8	KakaoTalk	Yes	7	6	Single	3	6
268	22	Male	Graduate	Russia	4.3	VKontakte	No	7.7	7	In Relationship	2	5
273	19	Female	Undergraduate	Japan	3.2	LINE	No	8.4	8	Single	1	3
275	20	Female	Undergraduate	South Korea	4.7	KakaoTalk	Yes	7.1	6	In Relationship	3	6
276	22	Male	Graduate	Russia	4.2	VKontakte	No	7.8	7	Single	2	5
281	19	Female	Undergraduate	Japan	3.1	LINE	No	8.5	8	Single	1	3
283	20	Female	Undergraduate	South Korea	4.6	KakaoTalk	Yes	7.2	6	Single	3	6
284	22	Male	Graduate	Russia	4.1	VKontakte	No	7.9	7	In Relationship	2	5
289	19	Female	Undergraduate	Japan	3	LINE	No	8.6	8	Single	1	3
291	20	Female	Undergraduate	South Korea	4.5	KakaoTalk	Yes	7.3	6	In Relationship	3	6
292	22	Male	Graduate	Russia	4	VKontakte	No	8	7	Single	2	5
297	19	Female	Undergraduate	Japan	2.9	LINE	No	8.7	8	Single	1	3
299	20	Female	Undergraduate	South Korea	4.4	KakaoTalk	Yes	7.4	6	Single	3	6
300	22	Male	Graduate	Russia	3.9	VKontakte	No	8.1	7	In Relationship	2	5
305	19	Female	Undergraduate	Japan	2.8	LINE	No	8.8	8	Single	1	3
307	20	Female	Undergraduate	South Korea	4.3	KakaoTalk	Yes	7.5	6	In Relationship	3	6
308	22	Male	Graduate	Russia	3.8	VKontakte	No	8.2	7	Single	2	5
313	19	Female	Undergraduate	Japan	2.7	LINE	No	8.9	8	Single	1	3
315	20	Female	Undergraduate	South Korea	4.2	KakaoTalk	Yes	7.6	6	Single	3	6
316	22	Male	Graduate	Russia	3.7	VKontakte	No	8.3	7	In Relationship	2	5
324	22	Male	Graduate	India	5.8	WhatsApp	Yes	6.5	5	In Relationship	4	8
328	22	Male	Graduate	Mexico	5.6	WhatsApp	Yes	6.6	6	Single	3	7
334	21	Male	Graduate	India	5.9	WhatsApp	Yes	6.4	5	In Relationship	4	8
338	21	Male	Graduate	Mexico	5.7	WhatsApp	Yes	6.5	6	Single	3	7
344	22	Male	Graduate	India	6	WhatsApp	Yes	6.3	5	In Relationship	4	8
348	22	Male	Graduate	Mexico	5.8	WhatsApp	Yes	6.4	6	Single	3	7
354	21	Male	Graduate	India	6.1	WhatsApp	Yes	6.2	5	In Relationship	4	8
358	21	Male	Graduate	Mexico	5.9	WhatsApp	Yes	6.3	6	Single	3	7
364	22	Male	Graduate	India	6.2	WhatsApp	Yes	6.1	5	In Relationship	4	8
368	22	Male	Graduate	Mexico	6	WhatsApp	Yes	6.2	6	Single	3	7
374	21	Male	Graduate	India	6.3	WhatsApp	Yes	6	5	In Relationship	4	8
378	21	Male	Graduate	Mexico	6.1	WhatsApp	Yes	6.1	6	Single	3	7
384	22	Male	Graduate	India	6.4	WhatsApp	Yes	5.9	5	In Relationship	4	8
388	22	Male	Graduate	Mexico	6.2	WhatsApp	Yes	6	6	Single	3	7
394	21	Male	Graduate	India	6.5	WhatsApp	Yes	5.8	5	In Relationship	4	8
398	21	Male	Graduate	Mexico	6.3	WhatsApp	Yes	5.9	6	Single	3	7
404	22	Male	Graduate	India	6.6	WhatsApp	Yes	5.7	5	In Relationship	4	8
408	22	Male	Graduate	Mexico	6.4	WhatsApp	Yes	5.8	6	Single	3	7
414	21	Male	Graduate	India	6.7	WhatsApp	Yes	5.6	5	In Relationship	4	8
418	21	Male	Graduate	Mexico	6.5	WhatsApp	Yes	5.7	6	Single	3	7
424	22	Male	Graduate	India	6.8	WhatsApp	Yes	5.5	5	In Relationship	4	8
428	22	Male	Graduate	Mexico	6.6	WhatsApp	Yes	5.6	6	Single	3	7
434	21	Male	Graduate	India	6.9	WhatsApp	Yes	5.4	5	In Relationship	4	8
438	21	Male	Graduate	Mexico	6.7	WhatsApp	Yes	5.5	6	Single	3	7
444	22	Male	Graduate	India	7	WhatsApp	Yes	5.3	5	In Relationship	4	8
448	22	Male	Graduate	Mexico	6.8	WhatsApp	Yes	5.4	6	Single	3	7
454	21	Male	Graduate	India	7.1	WhatsApp	Yes	5.2	5	In Relationship	4	8
458	21	Male	Graduate	Mexico	6.9	WhatsApp	Yes	5.3	6	Single	3	7
464	22	Male	Graduate	India	7.2	WhatsApp	Yes	5.1	5	In Relationship	4	8
468	22	Male	Graduate	Mexico	7	WhatsApp	Yes	5.2	6	Single	3	7
474	21	Male	Graduate	India	7.3	WhatsApp	Yes	5	5	In Relationship	4	8
478	21	Male	Graduate	Mexico	7.1	WhatsApp	Yes	5.1	6	Single	3	7
484	22	Male	Graduate	India	7.4	WhatsApp	Yes	4.9	5	In Relationship	4	8
488	22	Male	Graduate	Mexico	7.2	WhatsApp	Yes	5	6	Single	3	7
494	21	Male	Graduate	India	7.5	WhatsApp	Yes	4.8	5	In Relationship	4	8
498	21	Male	Graduate	Mexico	7.3	WhatsApp	Yes	4.9	6	Single	3	7
501	19	Female	Undergraduate	Brazil	6.2	WhatsApp	Yes	6.3	6	Single	3	7
502	21	Male	Graduate	China	4.5	WeChat	No	7.8	7	In Relationship	2	5
506	21	Male	Graduate	Malaysia	5.5	WhatsApp	Yes	6.8	6	Single	3	7
509	19	Female	Undergraduate	India	6.8	WhatsApp	Yes	6	5	In Relationship	4	8
512	22	Male	Graduate	China	4.4	WeChat	No	7.9	7	In Relationship	2	5
516	22	Male	Graduate	Malaysia	5.6	WhatsApp	Yes	6.7	6	Single	3	7
519	20	Female	Undergraduate	India	6.9	WhatsApp	Yes	5.9	5	In Relationship	4	8
521	19	Female	Undergraduate	Brazil	6	WhatsApp	Yes	6.5	6	Single	3	7
522	21	Male	Graduate	China	4.3	WeChat	No	8	7	In Relationship	2	5
526	21	Male	Graduate	Malaysia	5.7	WhatsApp	Yes	6.6	6	Single	3	7
529	19	Female	Undergraduate	India	7	WhatsApp	Yes	5.8	5	In Relationship	4	8
532	22	Male	Graduate	China	4.2	WeChat	No	8.1	7	In Relationship	2	5
536	22	Male	Graduate	Malaysia	5.8	WhatsApp	Yes	6.5	6	Single	3	7
539	20	Female	Undergraduate	India	7.1	WhatsApp	Yes	5.7	5	In Relationship	4	8
541	19	Female	Undergraduate	Brazil	5.8	WhatsApp	Yes	6.7	6	Single	3	7
542	21	Male	Graduate	China	4.1	WeChat	No	8.2	7	In Relationship	2	5
546	21	Male	Graduate	Malaysia	5.9	WhatsApp	Yes	6.4	6	Single	3	7
549	19	Female	Undergraduate	India	7.2	WhatsApp	Yes	5.6	5	In Relationship	4	8
552	22	Male	Graduate	China	4	WeChat	No	8.3	7	In Relationship	2	5
556	22	Male	Graduate	Malaysia	6	WhatsApp	Yes	6.3	6	Single	3	7
559	20	Female	Undergraduate	India	7.3	WhatsApp	Yes	5.5	5	In Relationship	4	8
561	19	Female	Undergraduate	Brazil	5.6	WhatsApp	Yes	6.9	6	Single	3	7
562	21	Male	Graduate	China	3.9	WeChat	No	8.4	7	In Relationship	2	5
566	21	Male	Graduate	Malaysia	6.1	WhatsApp	Yes	6.2	6	Single	3	7
569	19	Female	Undergraduate	India	7.4	WhatsApp	Yes	5.4	5	In Relationship	4	8
572	23	Male	Graduate	Denmark	3.8	Twitter	No	7.8	8	In Relationship	2	4
579	19	Female	Undergraduate	France	4.7	Twitter	No	7.4	7	Single	2	5
584	22	Male	Graduate	China	5.8	WeChat	Yes	6.5	6	In Relationship	3	7
585	19	Female	Undergraduate	Japan	4.5	Twitter	No	7.6	8	Single	2	4
590	22	Male	Graduate	Ireland	5.7	Twitter	Yes	6.8	6	Single	3	7
599	22	Female	Graduate	Italy	5.1	Twitter	No	7.1	7	In Relationship	2	5
601	24	Female	Graduate	China	5.5	WeChat	Yes	6.8	6	In Relationship	3	7
602	21	Male	Undergraduate	Japan	4.3	Twitter	No	7.6	8	Single	2	4
607	24	Female	Graduate	Ireland	5.9	Twitter	Yes	6.6	6	Single	3	7
613	24	Female	Graduate	France	4.8	Twitter	No	7.3	7	In Relationship	2	5
618	19	Male	Undergraduate	China	5.6	WeChat	Yes	6.8	6	In Relationship	3	7
619	24	Female	Graduate	Japan	4.2	Twitter	No	7.5	8	Single	2	4
623	22	Female	Graduate	Denmark	4.6	Twitter	No	7.3	7	In Relationship	2	5
628	20	Male	Undergraduate	USA	5.5	Twitter	Yes	6.8	6	In Relationship	3	7
633	23	Female	Graduate	Italy	4.8	Twitter	No	7.1	7	In Relationship	2	5
635	22	Female	Graduate	China	5.7	WeChat	Yes	6.7	6	In Relationship	3	7
636	19	Male	Undergraduate	Japan	4.4	Twitter	No	7.4	8	Single	2	4
640	20	Male	Undergraduate	Denmark	4.5	Twitter	No	7.3	7	In Relationship	2	5
645	23	Female	Graduate	USA	5.3	Twitter	Yes	6.8	6	In Relationship	3	7
649	21	Female	Undergraduate	UK	6.2	Twitter	Yes	6.3	5	Single	4	8
652	22	Male	Graduate	China	5.6	WeChat	Yes	6.7	6	In Relationship	3	7
653	20	Female	Undergraduate	Japan	4.3	Twitter	No	7.5	8	Single	2	4
657	19	Female	Undergraduate	Denmark	4.6	Twitter	No	7.3	7	In Relationship	2	5
662	24	Male	Graduate	USA	5.4	Twitter	Yes	6.8	6	In Relationship	3	7
666	23	Male	Graduate	UK	6.3	Twitter	Yes	6.2	5	Single	4	8
669	19	Female	Undergraduate	China	5.7	WeChat	Yes	6.7	6	In Relationship	3	7
670	22	Male	Graduate	Japan	4.4	Twitter	No	7.4	8	Single	2	4
674	24	Male	Graduate	Denmark	4.5	Twitter	No	7.3	7	In Relationship	2	5
679	21	Female	Undergraduate	USA	5.3	Twitter	Yes	6.8	6	In Relationship	3	7
683	20	Female	Undergraduate	UK	6.1	Twitter	Yes	6.4	5	Single	4	8
686	24	Male	Graduate	China	5.5	WeChat	Yes	6.8	6	In Relationship	3	7
687	19	Female	Undergraduate	Japan	4.2	Twitter	No	7.5	8	Single	2	4
691	21	Female	Undergraduate	Denmark	4.6	Twitter	No	7.3	7	In Relationship	2	5
696	23	Male	Graduate	USA	5.5	Twitter	Yes	6.7	6	In Relationship	3	7
700	22	Male	Graduate	UK	6.2	Twitter	Yes	6.3	5	Single	4	8
703	21	Female	Undergraduate	China	5.6	WeChat	Yes	6.7	6	In Relationship	3	7
704	24	Male	Graduate	Japan	4.3	Twitter	No	7.5	8	Single	2	4
